﻿pos_x,pos_y,rotation,side,designator,mpn,pack,footprint,value,mount_type
66.85,-56.74,0.0,bottom,C1,,,CAP_1206_3216Metric_Pad1.33x1.80mm CL,.1uF,smt
58.75,-24.25,0.0,bottom,C10,,,CAP_1206_3216Metric_Pad1.33x1.80mm CL,.1uF,smt
39.0,-63.5,180.0,bottom,C2,,,CAP_1206_3216Metric_Pad1.33x1.80mm CL,.1uF,smt
59.55,-65.24,0.0,bottom,C3,,,CAP_1206_3216Metric_Pad1.33x1.80mm CL,.1uF,smt
42.164,-110.096,180.0,bottom,C4,,,CAP_1206_3216Metric_Pad1.33x1.80mm CL,.1uF,smt
49.0,-52.25,180.0,bottom,C8,,,CAP_Radial_D7.5mm_P2.50mm THT CL,2.2uF,tht
69.5,-46.25,90.0,bottom,C9,,,CAP_1206_3216Metric_Pad1.33x1.80mm CL,.1uF,smt
36.83,-114.16,0.0,top,D3,,,LED_D3.0mm,LED,tht
51.0,-31.1,0.0,top,I2C_OLED1,,,128x64OLED,128x64,tht
38.1,-126.86,180.0,top,J1,,,JACK Thonk 3.5mm THT CL,OUT1,tht
50.8,-126.86,180.0,top,J2,,,JACK Thonk 3.5mm THT CL,OUT2,tht
63.5,-127.0,180.0,top,J3,,,JACK Thonk 3.5mm THT CL,OUT3,tht
63.5,-111.76,180.0,top,J4,,,JACK Thonk 3.5mm THT CL,OUTSW,tht
55.75,-43.25,180.0,bottom,J5,,,JST_EH_B3B-EH-A_1x03_P2.50mm_Vertical,UPDI,tht
67.898,-35.686,-90.0,bottom,J6,,,JST_EH_B2B-EH-A_1x02_P2.50mm_Vertical,<<TX,tht
35.413,-80.027,180.0,bottom,PWR1,,,EuroPower 2x5_Vertical,REDSTRIPE,tht
58.293,-56.756,180.0,bottom,R1,,,R_1206_3216Metric_Pad1.30x1.75mm_SMD CL,40K,smt
46.268,-123.506,180.0,bottom,R10,,,R_1206_3216Metric_Pad1.30x1.75mm_SMD CL,1K,smt
58.968,-123.506,180.0,bottom,R11,,,R_1206_3216Metric_Pad1.30x1.75mm_SMD CL,1K,smt
65.786,-102.3874,0.0,bottom,R12,,,R_1206_3216Metric_Pad1.30x1.75mm_SMD CL,1K,smt
51.0,-90.39,0.0,bottom,R13,,,R_1206_3216Metric_Pad1.30x1.75mm_SMD CL,10K,smt
40.64,-29.832,180.0,bottom,R14,,,R_1206_3216Metric_Pad1.30x1.75mm_SMD CL,4.7K,smt
55.898,-51.336,180.0,bottom,R15,,,R_1206_3216Metric_Pad1.30x1.75mm_SMD CL,15K,smt
55.245,-98.539,180.0,bottom,R16,,,R_1206_3216Metric_Pad1.30x1.75mm_SMD CL,10K,smt
44.4754,-115.1128,180.0,bottom,R17,,,R_1206_3216Metric_Pad1.30x1.75mm_SMD CL,10K,smt
50.95,-117.19,180.0,bottom,R18,,,R_1206_3216Metric_Pad1.30x1.75mm_SMD CL,10K,smt
34.4932,-109.2454,90.0,bottom,R19,,,R_1206_3216Metric_Pad1.30x1.75mm_SMD CL,1K,smt
50.75,-58.5,180.0,bottom,R2,,,R_1206_3216Metric_Pad1.30x1.75mm_SMD CL,10K,smt
65.648,-51.336,180.0,bottom,R20,,,R_1206_3216Metric_Pad1.30x1.75mm_SMD CL,10K,smt
63.65,-87.19,180.0,bottom,R3,,,R_1206_3216Metric_Pad1.30x1.75mm_SMD CL,40K,smt
50.7365,-77.203,180.0,bottom,R4,,,R_1206_3216Metric_Pad1.30x1.75mm_SMD CL,10K,smt
42.55,-73.04,-90.0,bottom,R5,,,R_1206_3216Metric_Pad1.30x1.75mm_SMD CL,10K,smt
63.3,-81.24,180.0,bottom,R6,,,R_1206_3216Metric_Pad1.30x1.75mm_SMD CL,40K,smt
65.6082,-98.5774,180.0,bottom,R7,,,R_1206_3216Metric_Pad1.30x1.75mm_SMD CL,10K,smt
35.9918,-94.4626,180.0,bottom,R8,,,R_1206_3216Metric_Pad1.30x1.75mm_SMD CL,10K,smt
47.371,-98.425,180.0,bottom,R9,,,R_1206_3216Metric_Pad1.30x1.75mm_SMD CL,1K,smt
38.1,-60.96,0.0,top,RV1,,,9MM_SNAP-IN_POT,B100K,tht
50.8,-86.36,0.0,top,RV2,,,9MM_SNAP-IN_POT,B100K,tht
63.5,-60.96,0.0,top,RV3,,,9MM_SNAP-IN_POT,B100K,tht
38.1762,-99.7204,0.0,top,SW1,,,Wirepad-Chamfered4=-oblong,MOM1,tht
38.1254,-103.4796,0.0,top,SW2,,,Wirepad-Chamfered4=-oblong,MOM2,tht
68.398,-21.586,-90.0,bottom,TP1,,,TestPoint_Keystone_5019_Miniature,TestPoint,smt
50.8,-66.408,180.0,bottom,U4,,,IC SOIC-14 hand solder,TL074,smt
50.673,-27.546,180.0,bottom,U5,,,SOIC-14_3.9x8.7mm_P1.27mm,ATtiny1624-SS,smt
41.75,-51.75,180.0,bottom,U6,,,TO-92L_Inline_Wide THT CL,L7805,tht
51.400064,-108.445,180.0,bottom,U7,,,IC SOIC-14 hand solder,TL074,smt
