﻿Designator,Quantity,Value,Footprint,Package,MPN,DNP,Mount_Type,Description,Sim.Pins
"C1, C10, C2, C3, C4, C9",6,.1uF,CAP_1206_3216Metric_Pad1.33x1.80mm CL,,,,smt,Unpolarized capacitor,
C8,1,2.2uF,CAP_Radial_D7.5mm_P2.50mm THT CL,,,,tht,"Polarized capacitor, small symbol",
D3,1,LED,LED_D3.0mm,,,,tht,Light emitting diode,1=K 2=A
I2C_OLED1,1,128x64,128x64OLED,,,,tht,"OLED, I2C driven",
J1,1,OUT1,JACK Thonk 3.5mm THT CL,,,,tht,DC Barrel Jack with an internal switch,
J2,1,OUT2,JACK Thonk 3.5mm THT CL,,,,tht,DC Barrel Jack with an internal switch,
J3,1,OUT3,JACK Thonk 3.5mm THT CL,,,,tht,DC Barrel Jack with an internal switch,
J4,1,OUTSW,JACK Thonk 3.5mm THT CL,,,,tht,DC Barrel Jack with an internal switch,
J5,1,UPDI,JST_EH_B3B-EH-A_1x03_P2.50mm_Vertical,,,,tht,"Generic connector, single row, 01x03, script generated",
J6,1,<<TX,JST_EH_B2B-EH-A_1x02_P2.50mm_Vertical,,,,tht,"Generic connector, single row, 01x02, script generated",
PWR1,1,REDSTRIPE,EuroPower 2x5_Vertical,,,,tht,,
"R1, R3, R6",3,40K,R_1206_3216Metric_Pad1.30x1.75mm_SMD CL,,,,smt,Resistor,
"R10, R11, R12, R19, R9",5,1K,R_1206_3216Metric_Pad1.30x1.75mm_SMD CL,,,,smt,Resistor,
"R13, R16, R17, R18, R2, R20, R4, R5, R7, R8",10,10K,R_1206_3216Metric_Pad1.30x1.75mm_SMD CL,,,,smt,Resistor,
R14,1,4.7K,R_1206_3216Metric_Pad1.30x1.75mm_SMD CL,,,,smt,Resistor,
R15,1,15K,R_1206_3216Metric_Pad1.30x1.75mm_SMD CL,,,,smt,Resistor,
"RV1, RV2, RV3",3,B100K,9MM_SNAP-IN_POT,,,,tht,Potentiometer,
SW1,1,MOM1,Wirepad-Chamfered4=-oblong,,,,tht,"Generic connector, single row, 01x01, script generated",
SW2,1,MOM2,Wirepad-Chamfered4=-oblong,,,,tht,"Generic connector, single row, 01x01, script generated",
TP1,1,TestPoint,TestPoint_Keystone_5019_Miniature,,,,smt,test point,
"U4, U7",2,TL074,IC SOIC-14 hand solder,,,,smt,"Quad Low-Noise JFET-Input Operational Amplifiers, DIP-14/SOIC-14",
U5,1,ATtiny1624-SS,SOIC-14_3.9x8.7mm_P1.27mm,,,,smt,"20MHz, 16kB Flash, 2kB SRAM, 256B EEPROM, SOIC-14",
U6,1,L7805,TO-92L_Inline_Wide THT CL,,,,tht,"Positive 1.5A 35V Linear Regulator, Fixed Output 8V, TO-220/TO-263/TO-252",
